<?xml version="1.0" encoding="UTF-8"?>
<!DOCTYPE hibernate-mapping PUBLIC "-//Hibernate/Hibernate Mapping DTD 3.0//EN" "http://hibernate.sourceforge.net/hibernate-mapping-3.0.dtd">
<hibernate-mapping>
    <class name="pojo" table="result">
        <id column="c_id" name="id" type="int"></id>
        <property column="name" name="name"></property>
        <property column="address" name="name"></property>
        <property column="email" name="name"></property>
        
    </class>
</hibernate-mapping>
