<?xml version="1.0" encoding="UTF-8"?>
<!DOCTYPE hibernate-configuration PUBLIC "-//Hibernate/Hibernate Configuration DTD 3.0//EN" "http://hibernate.sourceforge.net/hibernate-configuration-3.0.dtd">

<hibernate-configuration>
  <session-factory>
    <property name="hibernate.connection.driver_class">com.mysql.jdbc.Driver</property>
    <property name="hibernate.connection.url">jdbc:mysql://localhost:3306/retailer</property>
    <property name="hibernate.connection.username">root</property>
    <mapping resource="../hibernate.hbm.xml"/>
    <mapping resource="hibernate.hbm.xml"/>
    <mapping resource="pojo.hbm.xml"/>

    <mapping/>
  </session-factory>
</hibernate-configuration>
